timestamp,source,event_type,session_id,agent_id,project_id,run_id,assignment_id,event_id,status,evidence_path,notes
2026-08-24T05:36:32Z,Codex JSONL,session_file_start,01a03241-9d12-7ea3-953c-f52b3a241319,codex,wt-read-in-ai,,,,observed,C:\Users\musst\.codex\sessions\2026\08\24\rollout-2026-08-24T09-32-36-01a03241-9d12-7ea3-953c-f52b3a241319.jsonl,Primary candidate thread for inside work; no matching PF raw ingress found
2026-08-24T05:37:25Z,Codex MCP,pf_project_initialization_status,01a03241-9d12-7ea3-953c-f52b3a241319,codex,wt-read-in-ai,,,,missing_session,Codex JSONL ordinals around first PF MCP calls,PF MCP called without Ledger-bound session
2026-08-24T05:37:25Z,Codex MCP,pf_project_state,01a03241-9d12-7ea3-953c-f52b3a241319,codex,wt-read-in-ai,,,,missing_session,Codex JSONL ordinals around first PF MCP calls,Same missing_session result
2026-08-24T05:37:25Z,Codex MCP,pf_work_state,01a03241-9d12-7ea3-953c-f52b3a241319,codex,wt-read-in-ai,,,,missing_session,Codex JSONL ordinals around first PF MCP calls,Same missing_session result
2026-08-24T05:37:25Z,Codex MCP,pf_session_context,01a03241-9d12-7ea3-953c-f52b3a241319,codex,wt-read-in-ai,,,,missing_session,Codex JSONL ordinals around first PF MCP calls,Session not supplied to PF Ledger
2026-08-24T05:37:35Z,filesystem,read_project_pf_files,01a03241-9d12-7ea3-953c-f52b3a241319,codex,wt-read-in-ai,,,,completed,Codex JSONL,.pf/AGENTS.md START_AGENT_HERE process-forge.yaml process-forge.local.yaml
2026-08-24T05:38:44Z,PF CLI,doctor-project,01a03241-9d12-7ea3-953c-f52b3a241319,processforge-cli,wt-read-in-ai,,,,fail,Codex JSONL and command replay,FAIL explicit .gitignore pattern and missing filesystem.read/write providers
2026-08-24T05:40:02Z,filesystem,read_local_joomla_docs,01a03241-9d12-7ea3-953c-f52b3a241319,codex,wt-read-in-ai,,,,completed,Codex JSONL,D:\.agents\docs\joomla\core\joomla-toolkit and platform contract read directly
2026-08-24T05:46:42Z,project-local .pf,artifact_write,01a03241-9d12-7ea3-953c-f52b3a241319,codex,wt-read-in-ai,,,,"file_exists",D:\Dev\wt-read-in-ai\.pf\reviews\joomla-way-code-audit-20260824.md,Semantic review file written; no PF artifact event observed
2026-08-24T05:48:47Z,Codex JSONL,session_file_start,01a03250-70fd-71e2-bbf8-4e981c0ab9bb,codex,wt-read-in-ai,,,,observed,C:\Users\musst\.codex\sessions\2026\08\24\rollout-2026-08-24T09-48-47-01a03250-70fd-71e2-bbf8-4e981c0ab9bb.jsonl,Independent/device audit thread started
2026-08-24T05:56:36Z,PF project events,run.doctor.failed,,processforge-cli,wt-read-in-ai,pf-runs-run-read-with-ai-20260731,,evt_aaf932f2acc8434cabd40e1bee13d438,error,D:\Dev\wt-read-in-ai\.pf\runtime\events\events.ndjson,Later audit used malformed run id; hook/outbox exists
2026-08-24T05:56:55Z,PF project events,run.doctor.passed,,processforge-cli,wt-read-in-ai,run-read-with-ai-20260731,,evt_1df04eddcf55416dbc148905a6db8c8e,info,D:\Dev\wt-read-in-ai\.pf\runtime\events\events.ndjson,Later audit used correct historical run id; hook/outbox exists
2026-08-24T05:57:47Z,PF CLI,search-index status,01a03250-70fd-71e2-bbf8-4e981c0ab9bb,processforge-cli,wt-read-in-ai,,,,stale,D:\.agents\processforge-workplace\runtime\search\local-resource-search.sqlite,scope_not_indexed for target snapshot
2026-08-24T05:58:08Z,Codex MCP,pf_search,01a03250-70fd-71e2-bbf8-4e981c0ab9bb,codex,wt-read-in-ai,,,,missing_session,Codex JSONL,PF search attempted in later audit without Ledger-bound session
2026-08-24T05:58:11Z,Codex MCP,pf_resolve,01a03250-70fd-71e2-bbf8-4e981c0ab9bb,codex,wt-read-in-ai,,,,missing_session,Codex JSONL,PF resolve attempted in later audit without Ledger-bound session
2026-08-24T06:00:28Z,project-local .pf,artifact_write,01a03250-70fd-71e2-bbf8-4e981c0ab9bb,codex,wt-read-in-ai,,,,"file_exists",D:\Dev\wt-read-in-ai\.pf\reviews\process-forge-work-self-audit-20260824.md,Self-audit report present by mtime
2026-08-24T07:12:21Z,PF project events,run.created,codex-20260824-inside-audit,processforge-cli,wt-read-in-ai,run-process-forge-inside-audit-20260824,,evt_23aefd836be4441fad734df46fea461b,info,D:\Dev\wt-read-in-ai\.pf\runtime\events\events.ndjson,Late/concurrent inside-audit run created after outside prompt was opened
2026-08-24T07:12:42Z,Agent Ledger,agent.checked_in,codex-20260824-inside-audit,codex,wt-read-in-ai,run-process-forge-inside-audit-20260824,task-process-forge-inside-audit-20260824,,online,D:\.agents\processforge-workplace\runtime\agent-ledger\sessions.ndjson,Ledger session exists but id is not Codex thread id
2026-08-24T07:13:00Z,Codex MCP,pf_session_context,01a03241-9d12-7ea3-953c-f52b3a241319,codex,wt-read-in-ai,,,,unknown_session,MCP replay,Current replay with Codex id fails because not in Ledger
2026-08-24T07:13:37Z,PF project events,run.doctor.passed,,processforge-cli,wt-read-in-ai,run-process-forge-inside-audit-20260824,,evt_ad0ae3b503764117a953775f6f689b24,info,D:\Dev\wt-read-in-ai\.pf\runtime\events\events.ndjson,Event caused during external audit diagnostics
2026-08-24T07:19:21Z,external audit,report_generation,,codex,process-forge,,,,in_progress,D:\Dev\process-forge\.pf\artifacts\process-forge-outside-audit-20260824.md,Outside report created outside target project
