timestamp_local,timestamp_utc,layer,correlation_id,source,evidence,result
2026-08-24 09:32:36,2026-08-24T05:32:36Z,Codex transcript,01a03241-9d12-7ea3-953c-f52b3a241319,C:\Users\musst\.codex\sessions\2026\08\24\rollout-2026-08-24T09-32-36-01a03241-9d12-7ea3-953c-f52b3a241319.jsonl:1,session_meta cwd D:\Dev\wt-read-in-ai,Primary target Codex session inferred from transcript metadata.
2026-08-24 09:36:32,2026-08-24T05:36:32Z,Codex transcript,01a03241-9d12-7ea3-953c-f52b3a241319,C:\Users\musst\.codex\sessions\2026\08\24\rollout-2026-08-24T09-32-36-01a03241-9d12-7ea3-953c-f52b3a241319.jsonl:13-15,initial exec_command calls,Agent began local inspection from target project.
2026-08-24 09:37:35,2026-08-24T05:37:35Z,Codex transcript,01a03241-9d12-7ea3-953c-f52b3a241319,C:\Users\musst\.codex\sessions\2026\08\24\rollout-2026-08-24T09-32-36-01a03241-9d12-7ea3-953c-f52b3a241319.jsonl:65-70,pf_project_initialization_status pf_project_state pf_work_state pf_session_context,PF MCP was attempted early without explicit session_id.
2026-08-24 09:46:42,2026-08-24T05:46:42Z,Project artifact,joomla-way-code-audit-20260824,D:\Dev\wt-read-in-ai\.pf\reviews\joomla-way-code-audit-20260824.md,mtime and size 4199,Original work produced a review artifact under .pf but not a fresh governed run.
2026-08-24 09:48:47,2026-08-24T05:48:47Z,Codex transcript,01a03250-70fd-71e2-bbf8-4e981c0ab9bb,C:\Users\musst\.codex\sessions\2026\08\24\rollout-2026-08-24T09-48-47-01a03250-70fd-71e2-bbf8-4e981c0ab9bb.jsonl:1,session_meta cwd D:\.agents\processforge,Second diagnostic/outside-audit transcript; not the original target work session.
2026-08-24 09:56:36,2026-08-24T05:56:36Z,PF runtime event,evt_aaf932f2acc8434cabd40e1bee13d438,D:\Dev\wt-read-in-ai\.pf\runtime\events\events.ndjson,run.doctor.failed for run-read-with-ai-20260731,PF CLI generated normalized project event and hook result.
2026-08-24 09:56:55,2026-08-24T05:56:55Z,PF runtime event,evt_1df04eddcf55416dbc148905a6db8c8e,D:\Dev\wt-read-in-ai\.pf\runtime\events\events.ndjson,run.doctor.passed for run-read-with-ai-20260731,PF CLI generated normalized project event and hook result.
2026-08-24 09:58:24,2026-08-24T05:58:24Z,Agent Ledger,codex-mcp-smoke-20260824,D:\.agents\processforge-workplace\runtime\agent-ledger\sessions.ndjson,agent.session_expired smoke sessions,Agent Ledger was active for explicit smoke sessions but not for target Codex ids.
2026-08-24 09:58:xx,2026-08-24T05:58:xxZ,Codex transcript,01a03250-70fd-71e2-bbf8-4e981c0ab9bb,C:\Users\musst\.codex\sessions\2026\08\24\rollout-2026-08-24T09-48-47-01a03250-70fd-71e2-bbf8-4e981c0ab9bb.jsonl:463-475,pf_session_context pf_project_state pf_search pf_resolve without explicit session_id,MCP calls existed but were not bound to the original target Codex session.
2026-08-24 10:00:18,2026-08-24T06:00:18Z,Project artifact,processforge-device-audit-20260824,D:\Dev\wt-read-in-ai\.pf\artifacts\processforge-device-audit-20260824.md,mtime and size 6380,Device-level audit artifact created under .pf.
2026-08-24 10:00:28,2026-08-24T06:00:28Z,Project artifact,process-forge-work-self-audit-20260824,D:\Dev\wt-read-in-ai\.pf\reviews\process-forge-work-self-audit-20260824.md,mtime and size 8816,Self-audit artifact created; it states original work was not fully governed by a fresh PF run.
2026-08-24 11:09:42,2026-08-24T07:09:42Z,Project artifact,process-forge-inside-audit-master-prompt,D:\Dev\wt-read-in-ai\.pf\artifacts\process-forge-inside-audit-master-prompt.md,mtime and size 9816,Inside-audit prompt copied into target .pf artifacts.
2026-08-24 11:12:21,2026-08-24T07:12:21Z,PF run,run-process-forge-inside-audit-20260824,D:\Dev\wt-read-in-ai\.pf\runs\run-process-forge-inside-audit-20260824\run.yaml,run.created event evt_23aefd836be4441fad734df46fea461b,Late PF-native inside audit run was created.
2026-08-24 11:12:32,2026-08-24T07:12:32Z,PF task,task-process-forge-inside-audit-20260824,D:\Dev\wt-read-in-ai\.pf\assignments\task-process-forge-inside-audit-20260824.yaml,task.created and assignment.created,Late PF-native task was created.
2026-08-24 11:12:42,2026-08-24T07:12:42Z,Agent Ledger,codex-20260824-inside-audit,D:\.agents\processforge-workplace\runtime\agent-ledger\sessions.ndjson:1323,agent.checked_in run-process-forge-inside-audit-20260824,PF-native session was registered manually; original Codex ids still absent.
2026-08-24 11:12:42,2026-08-24T07:12:42Z,PF runtime event,evt_019277712a524d71a2115b3fab32b155,D:\Dev\wt-read-in-ai\.pf\runtime\events\events.ndjson,task.started,Late inside-audit task entered in-progress state.
2026-08-24 11:19:30,2026-08-24T07:19:30Z,PF runtime event,evt_9ab75e5592584946aae7eba1553f7489,D:\Dev\wt-read-in-ai\.pf\runtime\events\events.ndjson,task.completed,Late inside-audit task completed.
2026-08-24 11:19:53,2026-08-24T07:19:53Z,PF runtime event,evt_876e0b58d1aa4608bf08a5ace35abf74,D:\Dev\wt-read-in-ai\.pf\runtime\events\events.ndjson and outbox/wtaicc,run.completed with correlation_id run-run-process-forge-inside-audit-20260824,Late inside-audit run completed and hook outbox payload was written metadata-only.
2026-08-24 11:20:07,2026-08-24T07:20:07Z,Agent Ledger,codex-20260824-inside-audit,D:\.agents\processforge-workplace\runtime\agent-ledger\sessions.ndjson:1324,agent.session_expired,Presence is stale while current-sessions projection still says online.
2026-08-24 11:20:37,2026-08-24T07:20:37Z,Project artifact,process-forge-inside-audit-20260824,D:\Dev\wt-read-in-ai\.pf\reviews\process-forge-inside-audit-20260824.md,mtime and size 29945,Late inside-audit report was finalized.
2026-08-24 11:49:24,2026-08-24T07:49:24Z,Repeat audit environment,process-forge-outside-audit-20260824-r2,Get-Date hostname OS Python Codex commands,WebTolkNB Windows 11 Home 10.0.26200 Python 3.14.3 Codex 0.149.1,Repeat outside audit captured current device state.
2026-08-24 11:50:xx,2026-08-24T07:50:xxZ,Repeat audit MCP,01a03241-9d12-7ea3-953c-f52b3a241319,mcp__processforge pf_session_context/project_state/work_state/search/resolve,unknown_session or not routed by Agent Ledger,Original Codex id still not accepted by ProcessForge MCP.
2026-08-24 11:50:xx,2026-08-24T07:50:xxZ,Repeat audit MCP,codex-20260824-inside-audit,mcp__processforge pf_session_context/project_state/work_state/search/resolve,stale session and stale context; search/resolve snapshot_not_fresh,Late PF-native session remains queryable but stale/blocked.
